日期,品种,标的,多空,数量,可用数量,现价,市值/价值,盈亏/逐笔浮盈,开仓均价,持仓均价（期货）,保证金,当日盈亏,今手数,仓位占比,盈亏占比
2024-11-01,股票,祥源新材(300980.XSHE),多,18100股,0股,18.6,336660,4163(1.25%),18.37,-,0,4163,18100股,33.98%,1.25%
2024-11-01,股票,东珠生态(603359.XSHG),多,73900股,0股,4.34,320726,-13302(-3.98%),4.52,-,0,-13302,73900股,32.37%,-3.98%
2024-11-04,股票,祥源新材(300980.XSHE),多,18100股,18100股,19.58,354398,21901(6.59%),18.37,-,0,17738,0股,34.31%,6.59%
2024-11-04,股票,东珠生态(603359.XSHG),多,73900股,73900股,4.67,345113,11085(3.32%),4.52,-,0,24387,0股,33.42%,3.32%
2024-11-05,股票,祥源新材(300980.XSHE),多,18100股,18100股,19.73,357113,24616(7.4%),18.37,-,0,2715,0股,34.46%,7.4%
2024-11-05,股票,东珠生态(603359.XSHG),多,73900股,73900股,4.68,345852,11824(3.54%),4.52,-,0,739,0股,33.38%,3.54%
2024-11-06,股票,祥源新材(300980.XSHE),多,18100股,18100股,19.25,348425,15928(4.79%),18.37,-,0,-8688,0股,33.22%,4.79%
2024-11-06,股票,东珠生态(603359.XSHG),多,73900股,73900股,4.97,367283,33255(9.96%),4.52,-,0,21431,0股,35.01%,9.96%
2024-11-07,股票,祥源新材(300980.XSHE),多,18100股,18100股,19.89,360009,27512(8.27%),18.37,-,0,11584,0股,33.5%,8.27%
2024-11-07,股票,东珠生态(603359.XSHG),多,73900股,73900股,5.16,381324,47296(14.16%),4.52,-,0,14041,0股,35.48%,14.16%
2024-11-08,股票,泰坦股份(003036.XSHE),多,38200股,0股,9.17,350294,-5730(-1.61%),9.32,-,0,-5730,38200股,33.35%,-1.61%
2024-11-08,股票,美思德(603041.XSHG),多,32400股,0股,10.95,354780,-1620(-0.45%),11,-,0,-1620,32400股,33.78%,-0.45%
2024-11-08,股票,奥雅股份(300949.XSHE),多,10500股,0股,32.59,342195,-11445(-3.24%),33.68,-,0,-11445,10500股,32.58%,-3.24%
2024-11-11,股票,泰坦股份(003036.XSHE),多,38200股,38200股,9.39,358698,2674(0.75%),9.32,-,0,8404,0股,33.38%,0.75%
2024-11-11,股票,美思德(603041.XSHG),多,32400股,32400股,11.21,363204,6804(1.91%),11,-,0,8424,0股,33.8%,1.91%
2024-11-11,股票,奥雅股份(300949.XSHE),多,10500股,10500股,33.28,349440,-4200(-1.19%),33.68,-,0,7245,0股,32.52%,-1.19%
2024-11-12,股票,泰坦股份(003036.XSHE),多,38200股,38200股,9.93,379326,23302(6.55%),9.32,-,0,20628,0股,34.83%,6.55%
2024-11-12,股票,美思德(603041.XSHG),多,32400股,32400股,11.15,361260,4860(1.36%),11,-,0,-1944,0股,33.18%,1.36%
2024-11-12,股票,奥雅股份(300949.XSHE),多,10500股,10500股,32.88,345240,-8400(-2.38%),33.68,-,0,-4200,0股,31.7%,-2.38%
2024-11-13,股票,泰坦股份(003036.XSHE),多,38200股,38200股,9.66,369012,12988(3.65%),9.32,-,0,-10314,0股,34.2%,3.65%
2024-11-13,股票,美思德(603041.XSHG),多,32400股,32400股,11.15,361260,4860(1.36%),11,-,0,0,0股,33.48%,1.36%
2024-11-13,股票,奥雅股份(300949.XSHE),多,10500股,10500股,32.93,345765,-7875(-2.23%),33.68,-,0,525,0股,32.04%,-2.23%
2024-11-14,股票,泰坦股份(003036.XSHE),多,38200股,38200股,9.31,355642,-382(-0.11%),9.32,-,0,-13370,0股,33.78%,-0.11%
2024-11-14,股票,美思德(603041.XSHG),多,32400股,32400股,10.98,355752,-648(-0.18%),11,-,0,-5508,0股,33.79%,-0.18%
2024-11-14,股票,奥雅股份(300949.XSHE),多,10500股,10500股,32.23,338415,-15225(-4.31%),33.68,-,0,-7350,0股,32.14%,-4.31%
2024-11-15,股票,海泰科(301022.XSHE),多,14700股,0股,23.12,339864,-7791(-2.24%),23.65,-,0,-7791,14700股,33.35%,-2.24%
2024-11-15,股票,万丰股份(603172.XSHG),多,23100股,0股,14.63,337953,-8778(-2.53%),15.01,-,0,-8778,23100股,33.17%,-2.53%
2024-11-15,股票,国旅联合(600358.XSHG),多,88400股,0股,3.85,340340,-7072(-2.04%),3.93,-,0,-7072,88400股,33.4%,-2.04%
2024-11-18,股票,海泰科(301022.XSHE),多,14700股,14700股,22.46,330162,-17493(-5.03%),23.65,-,0,-9702,0股,33.71%,-5.03%
2024-11-18,股票,万丰股份(603172.XSHG),多,23100股,23100股,14.14,326634,-20097(-5.8%),15.01,-,0,-11319,0股,33.35%,-5.8%
2024-11-18,股票,国旅联合(600358.XSHG),多,88400股,88400股,3.64,321776,-25636(-7.38%),3.93,-,0,-18564,0股,32.86%,-7.38%
2024-11-19,股票,海泰科(301022.XSHE),多,14700股,14700股,23.39,343833,-3822(-1.1%),23.65,-,0,13671,0股,34.27%,-1.1%
2024-11-19,股票,万丰股份(603172.XSHG),多,23100股,23100股,14.39,332409,-14322(-4.13%),15.01,-,0,5775,0股,33.13%,-4.13%
2024-11-19,股票,国旅联合(600358.XSHG),多,88400股,88400股,3.69,326196,-21216(-6.11%),3.93,-,0,4420,0股,32.51%,-6.11%
2024-11-20,股票,海泰科(301022.XSHE),多,14700股,14700股,23.68,348096,441(0.13%),23.65,-,0,4263,0股,33.91%,0.13%
2024-11-20,股票,万丰股份(603172.XSHG),多,23100股,23100股,14.76,340956,-5775(-1.67%),15.01,-,0,8547,0股,33.21%,-1.67%
2024-11-20,股票,国旅联合(600358.XSHG),多,88400股,88400股,3.81,336804,-10608(-3.05%),3.93,-,0,10608,0股,32.81%,-3.05%
2024-11-21,股票,海泰科(301022.XSHE),多,14700股,14700股,23.33,342951,-4704(-1.35%),23.65,-,0,-5145,0股,33.64%,-1.35%
2024-11-21,股票,万丰股份(603172.XSHG),多,23100股,23100股,14.82,342342,-4389(-1.27%),15.01,-,0,1386,0股,33.58%,-1.27%
2024-11-21,股票,国旅联合(600358.XSHG),多,88400股,88400股,3.77,333268,-14144(-4.07%),3.93,-,0,-3536,0股,32.69%,-4.07%
2024-11-22,股票,雪榕生物(300511.XSHE),多,84700股,0股,3.83,324401,-14399(-4.25%),4,-,0,-14399,84700股,32.95%,-4.25%
2024-11-22,股票,欧亚集团(600697.XSHG),多,26900股,0股,12.27,330063,-9146(-2.7%),12.61,-,0,-9146,26900股,33.52%,-2.7%
2024-11-22,股票,合金投资(000633.XSHE),多,65400股,0股,5.05,330270,-9156(-2.7%),5.19,-,0,-9156,65400股,33.55%,-2.7%
2024-11-25,股票,雪榕生物(300511.XSHE),多,84700股,84700股,3.94,333718,-5082(-1.5%),4,-,0,9317,0股,32.89%,-1.5%
2024-11-25,股票,欧亚集团(600697.XSHG),多,26900股,26900股,12.46,335174,-4035(-1.19%),12.61,-,0,5111,0股,33.03%,-1.19%
2024-11-25,股票,合金投资(000633.XSHE),多,65400股,65400股,5.29,345966,6540(1.93%),5.19,-,0,15696,0股,34.1%,1.93%
2024-11-26,股票,雪榕生物(300511.XSHE),多,84700股,84700股,3.97,336259,-2541(-0.75%),4,-,0,2541,0股,33.11%,-0.75%
2024-11-26,股票,欧亚集团(600697.XSHG),多,26900股,26900股,12.52,336788,-2421(-0.71%),12.61,-,0,1614,0股,33.16%,-0.71%
2024-11-26,股票,合金投资(000633.XSHE),多,65400股,65400股,5.24,342696,3270(0.96%),5.19,-,0,-3270,0股,33.74%,0.96%
2024-11-27,股票,雪榕生物(300511.XSHE),多,84700股,84700股,3.96,335412,-3388(-1%),4,-,0,-847,0股,32.97%,-1%
2024-11-27,股票,欧亚集团(600697.XSHG),多,26900股,26900股,12.69,341361,2152(0.63%),12.61,-,0,4573,0股,33.55%,0.63%
2024-11-27,股票,合金投资(000633.XSHE),多,65400股,65400股,5.21,340734,1308(0.39%),5.19,-,0,-1962,0股,33.49%,0.39%
2024-11-28,股票,雪榕生物(300511.XSHE),多,84700股,84700股,4.04,342188,3388(1%),4,-,0,6776,0股,32.89%,1%
2024-11-28,股票,欧亚集团(600697.XSHG),多,26900股,26900股,12.93,347817,8608(2.54%),12.61,-,0,6456,0股,33.43%,2.54%
2024-11-28,股票,合金投资(000633.XSHE),多,65400股,65400股,5.36,350544,11118(3.28%),5.19,-,0,9810,0股,33.69%,3.28%
2024-11-29,股票,华菱精工(603356.XSHG),多,23200股,0股,14.81,343592,-2552(-0.74%),14.92,-,0,-2552,23200股,32.89%,-0.74%
2024-11-29,股票,罗平锌电(002114.XSHE),多,55500股,0股,6.27,347985,1665(0.48%),6.24,-,0,1665,55500股,33.31%,0.48%
2024-11-29,股票,信隆健康(002105.XSHE),多,63900股,0股,5.53,353367,7668(2.22%),5.41,-,0,7668,63900股,33.83%,2.22%
2024-12-02,股票,华菱精工(603356.XSHG),多,23200股,23200股,14.68,340576,-5568(-1.61%),14.92,-,0,-3016,0股,32.11%,-1.61%
2024-12-02,股票,罗平锌电(002114.XSHE),多,55500股,55500股,6.42,356310,9990(2.88%),6.24,-,0,8325,0股,33.59%,2.88%
2024-12-02,股票,信隆健康(002105.XSHE),多,63900股,63900股,5.7,364230,18531(5.36%),5.41,-,0,10863,0股,34.34%,5.36%
2024-12-03,股票,华菱精工(603356.XSHG),多,23200股,23200股,14.68,340576,-5568(-1.61%),14.92,-,0,0,0股,32.23%,-1.61%
2024-12-03,股票,罗平锌电(002114.XSHE),多,55500股,55500股,6.43,356865,10545(3.04%),6.24,-,0,555,0股,33.77%,3.04%
2024-12-03,股票,信隆健康(002105.XSHE),多,63900股,63900股,5.63,359757,14058(4.07%),5.41,-,0,-4473,0股,34.04%,4.07%
2024-12-04,股票,华菱精工(603356.XSHG),多,23200股,23200股,14.68,340576,-5568(-1.61%),14.92,-,0,0,0股,31.34%,-1.61%
2024-12-04,股票,罗平锌电(002114.XSHE),多,55500股,55500股,7.07,392385,46065(13.3%),6.24,-,0,35520,0股,36.11%,13.3%
2024-12-04,股票,信隆健康(002105.XSHE),多,63900股,63900股,5.54,354006,8307(2.4%),5.41,-,0,-5751,0股,32.58%,2.4%
2024-12-05,股票,华菱精工(603356.XSHG),多,23200股,23200股,14.68,340576,-5568(-1.61%),14.92,-,0,0,0股,30.33%,-1.61%
2024-12-05,股票,罗平锌电(002114.XSHE),多,55500股,55500股,7.78,431790,85470(24.68%),6.24,-,0,39405,0股,38.46%,24.68%
2024-12-05,股票,信隆健康(002105.XSHE),多,63900股,63900股,5.49,350811,5112(1.48%),5.41,-,0,-3195,0股,31.24%,1.48%
2024-12-06,股票,华菱精工(603356.XSHG),多,23200股,23200股,14.68,340576,-5568(-1.61%),14.92,-,0,0,0股,30.38%,-1.61%
2024-12-06,股票,哈空调(600202.XSHG),多,74400股,0股,5.25,390600,-744(-0.19%),5.26,-,0,-744,74400股,34.85%,-0.19%
2024-12-06,股票,赛隆药业(002898.XSHE),多,34300股,0股,11.36,389648,-686(-0.18%),11.38,-,0,-686,34300股,34.76%,-0.18%
2024-12-09,股票,华菱精工(603356.XSHG),多,23200股,23200股,14.68,340576,-5568(-1.61%),14.92,-,0,0,0股,30.22%,-1.61%
2024-12-09,股票,哈空调(600202.XSHG),多,74400股,74400股,5.24,389856,-1488(-0.38%),5.26,-,0,-744,0股,34.59%,-0.38%
2024-12-09,股票,赛隆药业(002898.XSHE),多,34300股,34300股,11.56,396508,6174(1.58%),11.38,-,0,6860,0股,35.18%,1.58%
2024-12-10,股票,华菱精工(603356.XSHG),多,23200股,23200股,16.15,374680,28536(8.24%),14.92,-,0,34104,0股,32.56%,8.24%
2024-12-10,股票,哈空调(600202.XSHG),多,74400股,74400股,5.16,383904,-7440(-1.9%),5.26,-,0,-5952,0股,33.36%,-1.9%
2024-12-10,股票,赛隆药业(002898.XSHE),多,34300股,34300股,11.43,392049,1715(0.44%),11.38,-,0,-4459,0股,34.07%,0.44%
2024-12-11,股票,华菱精工(603356.XSHG),多,23200股,23200股,17.77,412264,66120(19.1%),14.92,-,0,37584,0股,34.37%,19.1%
2024-12-11,股票,哈空调(600202.XSHG),多,74400股,74400股,5.27,392088,744(0.19%),5.26,-,0,8184,0股,32.69%,0.19%
2024-12-11,股票,赛隆药业(002898.XSHE),多,34300股,34300股,11.52,395136,4802(1.23%),11.38,-,0,3087,0股,32.94%,1.23%
2024-12-12,股票,华菱精工(603356.XSHG),多,23200股,23200股,17.15,397880,51736(14.95%),14.92,-,0,-14384,0股,32.99%,14.95%
2024-12-12,股票,哈空调(600202.XSHG),多,74400股,74400股,5.38,400272,8928(2.28%),5.26,-,0,8184,0股,33.19%,2.28%
2024-12-12,股票,赛隆药业(002898.XSHE),多,34300股,34300股,11.89,407827,17493(4.48%),11.38,-,0,12691,0股,33.82%,4.48%
2024-12-13,股票,金陵体育(300651.XSHE),多,26000股,0股,15.51,403260,-4160(-1.02%),15.67,-,0,-4160,26000股,33.63%,-1.02%
2024-12-13,股票,建科智能(300823.XSHE),多,26700股,0股,14.93,398631,-8811(-2.16%),15.26,-,0,-8811,26700股,33.24%,-2.16%
2024-12-13,股票,廊坊发展(600149.XSHG),多,77000股,0股,5.16,397320,-10780(-2.64%),5.3,-,0,-10780,77000股,33.13%,-2.64%
2024-12-16,股票,金陵体育(300651.XSHE),多,26000股,26000股,15.74,409240,1820(0.45%),15.67,-,0,5980,0股,34.07%,0.45%
2024-12-16,股票,建科智能(300823.XSHE),多,26700股,26700股,14.9,397830,-9612(-2.36%),15.26,-,0,-801,0股,33.12%,-2.36%
2024-12-16,股票,廊坊发展(600149.XSHG),多,77000股,77000股,5.12,394240,-13860(-3.4%),5.3,-,0,-3080,0股,32.82%,-3.4%
2024-12-17,股票,金陵体育(300651.XSHE),多,26000股,26000股,17.66,459160,51740(12.7%),15.67,-,0,49920,0股,38.19%,12.7%
2024-12-17,股票,建科智能(300823.XSHE),多,26700股,26700股,13.99,373533,-33909(-8.32%),15.26,-,0,-24297,0股,31.07%,-8.32%
2024-12-17,股票,廊坊发展(600149.XSHG),多,77000股,77000股,4.8,369600,-38500(-9.43%),5.3,-,0,-24640,0股,30.74%,-9.43%
2024-12-18,股票,金陵体育(300651.XSHE),多,26000股,26000股,16.65,432900,25480(6.25%),15.67,-,0,-26260,0股,37.04%,6.25%
2024-12-18,股票,建科智能(300823.XSHE),多,26700股,26700股,13.86,370062,-37380(-9.17%),15.26,-,0,-3471,0股,31.66%,-9.17%
2024-12-18,股票,廊坊发展(600149.XSHG),多,77000股,77000股,4.75,365750,-42350(-10.38%),5.3,-,0,-3850,0股,31.29%,-10.38%
2024-12-19,股票,金陵体育(300651.XSHE),多,26000股,26000股,15.28,397280,-10140(-2.49%),15.67,-,0,-35620,0股,35.17%,-2.49%
2024-12-19,股票,建科智能(300823.XSHE),多,26700股,26700股,13.81,368727,-38715(-9.5%),15.26,-,0,-1335,0股,32.65%,-9.5%
2024-12-19,股票,廊坊发展(600149.XSHG),多,77000股,77000股,4.72,363440,-44660(-10.94%),5.3,-,0,-2310,0股,32.18%,-10.94%
2024-12-20,股票,阳光股份(000608.XSHE),多,139600股,0股,2.71,378316,1396(0.37%),2.7,-,0,1396,139600股,33.34%,0.37%
2024-12-20,股票,盈建科(300935.XSHE),多,14900股,0股,25.48,379652,2533(0.67%),25.31,-,0,2533,14900股,33.45%,0.67%
2024-12-23,股票,阳光股份(000608.XSHE),多,139600股,139600股,2.44,340624,-36296(-9.63%),2.7,-,0,-37692,0股,32.06%,-9.63%
2024-12-23,股票,盈建科(300935.XSHE),多,14900股,14900股,23.14,344786,-32333(-8.57%),25.31,-,0,-34866,0股,32.46%,-8.57%
2024-12-24,股票,阳光股份(000608.XSHE),多,139600股,139600股,2.38,332248,-44672(-11.85%),2.7,-,0,-8376,0股,31.64%,-11.85%
2024-12-24,股票,盈建科(300935.XSHE),多,14900股,14900股,22.89,341061,-36058(-9.56%),25.31,-,0,-3725,0股,32.48%,-9.56%
2024-12-25,股票,阳光股份(000608.XSHE),多,139600股,139600股,2.3,321080,-55840(-14.81%),2.7,-,0,-11168,0股,31.47%,-14.81%
2024-12-25,股票,盈建科(300935.XSHE),多,14900股,14900股,21.64,322436,-54683(-14.5%),25.31,-,0,-18625,0股,31.6%,-14.5%
2024-12-26,股票,阳光股份(000608.XSHE),多,139600股,139600股,2.28,318288,-58632(-15.56%),2.7,-,0,-2792,0股,30.93%,-15.56%
2024-12-26,股票,盈建科(300935.XSHE),多,14900股,14900股,22.41,333909,-43210(-11.46%),25.31,-,0,11473,0股,32.45%,-11.46%
2024-12-27,股票,恒锋信息(300605.XSHE),多,28300股,0股,12.22,345826,0(0%),12.22,-,0,0,28300股,33.28%,0%
2024-12-27,股票,镇海股份(603637.XSHG),多,40600股,0股,8.57,347942,1624(0.47%),8.53,-,0,1624,40600股,33.48%,0.47%
2024-12-30,股票,恒锋信息(300605.XSHE),多,28300股,28300股,12.2,345260,-566(-0.16%),12.22,-,0,-566,0股,33.11%,-0.16%
2024-12-30,股票,镇海股份(603637.XSHG),多,40600股,40600股,8.67,352002,5684(1.64%),8.53,-,0,4060,0股,33.76%,1.64%
2024-12-31,股票,恒锋信息(300605.XSHE),多,28300股,28300股,11.71,331393,-14433(-4.17%),12.22,-,0,-13867,0股,32.65%,-4.17%
2024-12-31,股票,镇海股份(603637.XSHG),多,40600股,40600股,8.33,338198,-8120(-2.34%),8.53,-,0,-13804,0股,33.32%,-2.34%
2025-01-02,股票,恒锋信息(300605.XSHE),多,28300股,28300股,11.34,320922,-24904(-7.2%),12.22,-,0,-10471,0股,32.06%,-7.2%
2025-01-02,股票,镇海股份(603637.XSHG),多,40600股,40600股,8.24,334544,-11774(-3.4%),8.53,-,0,-3654,0股,33.42%,-3.4%
2025-01-03,股票,恒锋信息(300605.XSHE),多,28300股,28300股,10.48,296584,-49242(-14.24%),12.22,-,0,-24338,0股,30.86%,-14.24%
2025-01-03,股票,镇海股份(603637.XSHG),多,40600股,40600股,7.86,319116,-27202(-7.85%),8.53,-,0,-15428,0股,33.2%,-7.85%
2025-01-06,股票,新美星(300509.XSHE),多,48000股,0股,6.9,331200,10080(3.14%),6.69,-,0,10080,48000股,34%,3.14%
2025-01-06,股票,西点药业(301130.XSHE),多,12900股,0股,25.19,324951,5289(1.65%),24.78,-,0,5289,12900股,33.36%,1.65%
2025-01-06,股票,众望布艺(605003.XSHG),多,17700股,0股,17.84,315768,-4071(-1.27%),18.07,-,0,-4071,17700股,32.42%,-1.27%
2025-01-07,股票,新美星(300509.XSHE),多,48000股,48000股,6.99,335520,14400(4.48%),6.69,-,0,4320,0股,33.99%,4.48%
2025-01-07,股票,西点药业(301130.XSHE),多,12900股,12900股,25.63,330627,10965(3.43%),24.78,-,0,5676,0股,33.49%,3.43%
2025-01-07,股票,众望布艺(605003.XSHG),多,17700股,17700股,18.02,318954,-885(-0.28%),18.07,-,0,3186,0股,32.31%,-0.28%
2025-01-08,股票,新美星(300509.XSHE),多,48000股,48000股,7.22,346560,25440(7.92%),6.69,-,0,11040,0股,34.25%,7.92%
2025-01-08,股票,西点药业(301130.XSHE),多,12900股,12900股,27.25,351525,31863(9.97%),24.78,-,0,20898,0股,34.75%,9.97%
2025-01-08,股票,众望布艺(605003.XSHG),多,17700股,17700股,17.6,311520,-8319(-2.6%),18.07,-,0,-7434,0股,30.79%,-2.6%
2025-01-09,股票,新美星(300509.XSHE),多,48000股,48000股,7.06,338880,17760(5.53%),6.69,-,0,-7680,0股,33.4%,5.53%
2025-01-09,股票,西点药业(301130.XSHE),多,12900股,12900股,27.91,360039,40377(12.63%),24.78,-,0,8514,0股,35.49%,12.63%
2025-01-09,股票,众望布艺(605003.XSHG),多,17700股,17700股,17.71,313467,-6372(-1.99%),18.07,-,0,1947,0股,30.9%,-1.99%
2025-01-10,股票,新美星(300509.XSHE),多,48000股,48000股,7.3,350400,29280(9.12%),6.69,-,0,11520,0股,34.96%,9.12%
2025-01-10,股票,西点药业(301130.XSHE),多,12900股,12900股,26.95,347655,27993(8.76%),24.78,-,0,-12384,0股,34.69%,8.76%
2025-01-10,股票,众望布艺(605003.XSHG),多,17700股,17700股,17.07,302139,-17700(-5.53%),18.07,-,0,-11328,0股,30.14%,-5.53%
2025-01-13,股票,德恩精工(300780.XSHE),多,24100股,0股,13.91,335231,9399(2.88%),13.52,-,0,9399,24100股,33.86%,2.88%
2025-01-13,股票,汇得科技(603192.XSHG),多,22500股,0股,14.41,324225,-1800(-0.55%),14.49,-,0,-1800,22500股,32.75%,-0.55%
2025-01-13,股票,达嘉维康(301126.XSHE),多,33600股,0股,9.79,328944,3024(0.93%),9.7,-,0,3024,33600股,33.23%,0.93%
2025-01-14,股票,德恩精工(300780.XSHE),多,24100股,24100股,14.75,355475,29643(9.1%),13.52,-,0,20244,0股,34.26%,9.1%
2025-01-14,股票,汇得科技(603192.XSHG),多,22500股,22500股,15.01,337725,11700(3.59%),14.49,-,0,13500,0股,32.55%,3.59%
2025-01-14,股票,达嘉维康(301126.XSHE),多,33600股,33600股,10.2,342720,16800(5.15%),9.7,-,0,13776,0股,33.04%,5.15%
2025-01-15,股票,德恩精工(300780.XSHE),多,24100股,24100股,14.66,353306,27474(8.43%),13.52,-,0,-2169,0股,34.2%,8.43%
2025-01-15,股票,汇得科技(603192.XSHG),多,22500股,22500股,14.98,337050,11025(3.38%),14.49,-,0,-675,0股,32.63%,3.38%
2025-01-15,股票,达嘉维康(301126.XSHE),多,33600股,33600股,10.15,341040,15120(4.64%),9.7,-,0,-1680,0股,33.02%,4.64%
2025-01-16,股票,德恩精工(300780.XSHE),多,24100股,24100股,14.61,352101,26269(8.06%),13.52,-,0,-1205,0股,34.07%,8.06%
2025-01-16,股票,汇得科技(603192.XSHG),多,22500股,22500股,14.91,335475,9450(2.9%),14.49,-,0,-1575,0股,32.46%,2.9%
2025-01-16,股票,达嘉维康(301126.XSHE),多,33600股,33600股,10.25,344400,18480(5.67%),9.7,-,0,3360,0股,33.32%,5.67%
2025-01-17,股票,德恩精工(300780.XSHE),多,24100股,24100股,14.59,351619,25787(7.91%),13.52,-,0,-482,0股,34.06%,7.91%
2025-01-17,股票,汇得科技(603192.XSHG),多,22500股,22500股,14.94,336150,10125(3.11%),14.49,-,0,675,0股,32.56%,3.11%
2025-01-17,股票,达嘉维康(301126.XSHE),多,33600股,33600股,10.21,343056,17136(5.26%),9.7,-,0,-1344,0股,33.23%,5.26%
2025-01-20,股票,东珠生态(603359.XSHG),多,78900股,0股,4.6,362940,17358(5.02%),4.38,-,0,17358,78900股,34.4%,5.02%
2025-01-20,股票,西大门(605155.XSHG),多,32600股,0股,10.86,354036,8802(2.55%),10.59,-,0,8802,32600股,33.55%,2.55%
2025-01-20,股票,宁波方正(300998.XSHE),多,23300股,0股,14.49,337617,-5592(-1.63%),14.73,-,0,-5592,23300股,32%,-1.63%
2025-01-21,股票,东珠生态(603359.XSHG),多,78900股,78900股,4.46,351894,6312(1.83%),4.38,-,0,-11046,0股,33.91%,1.83%
2025-01-21,股票,西大门(605155.XSHG),多,32600股,32600股,10.69,348494,3260(0.94%),10.59,-,0,-5542,0股,33.58%,0.94%
2025-01-21,股票,宁波方正(300998.XSHE),多,23300股,23300股,14.46,336918,-6291(-1.83%),14.73,-,0,-699,0股,32.46%,-1.83%
2025-01-22,股票,东珠生态(603359.XSHG),多,78900股,78900股,4.43,349527,3945(1.14%),4.38,-,0,-2367,0股,33.81%,1.14%
2025-01-22,股票,西大门(605155.XSHG),多,32600股,32600股,10.57,344582,-652(-0.19%),10.59,-,0,-3912,0股,33.33%,-0.19%
2025-01-22,股票,宁波方正(300998.XSHE),多,23300股,23300股,14.56,339248,-3961(-1.15%),14.73,-,0,2330,0股,32.81%,-1.15%
2025-01-23,股票,东珠生态(603359.XSHG),多,78900股,78900股,4.44,350316,4734(1.37%),4.38,-,0,789,0股,34.05%,1.37%
2025-01-23,股票,西大门(605155.XSHG),多,32600股,32600股,10.54,343604,-1630(-0.47%),10.59,-,0,-978,0股,33.4%,-0.47%
2025-01-23,股票,宁波方正(300998.XSHE),多,23300股,23300股,14.35,334355,-8854(-2.58%),14.73,-,0,-4893,0股,32.5%,-2.58%
2025-01-24,股票,东珠生态(603359.XSHG),多,78900股,78900股,4.47,352683,7101(2.05%),4.38,-,0,2367,0股,33.82%,2.05%
2025-01-24,股票,西大门(605155.XSHG),多,32600股,32600股,10.58,344908,-326(-0.09%),10.59,-,0,1304,0股,33.07%,-0.09%
2025-01-24,股票,宁波方正(300998.XSHE),多,23300股,23300股,14.8,344840,1631(0.48%),14.73,-,0,10485,0股,33.06%,0.48%
2025-01-27,股票,智信精密(301512.XSHE),多,9100股,0股,45,409500,64246(18.61%),37.94,-,0,64246,9100股,37.13%,18.61%
2025-01-27,股票,一彬科技(001278.XSHE),多,21500股,0股,16.02,344430,-1075(-0.31%),16.07,-,0,-1075,21500股,31.23%,-0.31%
2025-02-05,股票,智信精密(301512.XSHE),多,9100股,9100股,54,491400,146146(42.33%),37.94,-,0,81900,0股,41.4%,42.33%
2025-02-05,股票,一彬科技(001278.XSHE),多,21500股,21500股,16.12,346580,1075(0.31%),16.07,-,0,2150,0股,29.2%,0.31%
2025-02-06,股票,智信精密(301512.XSHE),多,9100股,9100股,50.95,463645,118391(34.29%),37.94,-,0,-27755,0股,39.77%,34.29%
2025-02-06,股票,一彬科技(001278.XSHE),多,21500股,21500股,16.44,353460,7955(2.3%),16.07,-,0,6880,0股,30.32%,2.3%
2025-02-07,股票,智信精密(301512.XSHE),多,9100股,9100股,49.3,448630,103376(29.94%),37.94,-,0,-15015,0股,38.76%,29.94%
2025-02-07,股票,一彬科技(001278.XSHE),多,21500股,21500股,16.75,360125,14620(4.23%),16.07,-,0,6665,0股,31.11%,4.23%
2025-02-10,股票,智信精密(301512.XSHE),多,9100股,9100股,48.74,443534,98280(28.47%),37.94,-,0,-5096,0股,38.14%,28.47%
2025-02-10,股票,一彬科技(001278.XSHE),多,21500股,21500股,17.24,370660,25155(7.28%),16.07,-,0,10535,0股,31.87%,7.28%
2025-02-11,股票,金发拉比(002762.XSHE),多,68200股,0股,5.6,381920,-4774(-1.23%),5.67,-,0,-4774,68200股,33.41%,-1.23%
2025-02-11,股票,德龙汇能(000593.XSHE),多,68800股,0股,5.57,383216,-3440(-0.89%),5.62,-,0,-3440,68800股,33.53%,-0.89%
2025-02-11,股票,森泰股份(301429.XSHE),多,22500股,0股,16.77,377325,-7425(-1.93%),17.1,-,0,-7425,22500股,33.01%,-1.93%
2025-02-12,股票,金发拉比(002762.XSHE),多,68200股,68200股,5.52,376464,-10230(-2.65%),5.67,-,0,-5456,0股,33.01%,-2.65%
2025-02-12,股票,德龙汇能(000593.XSHE),多,68800股,68800股,5.6,385280,-1376(-0.36%),5.62,-,0,2064,0股,33.78%,-0.36%
2025-02-12,股票,森泰股份(301429.XSHE),多,22500股,22500股,16.81,378225,-6525(-1.7%),17.1,-,0,900,0股,33.16%,-1.7%
2025-02-13,股票,金发拉比(002762.XSHE),多,68200股,68200股,5.55,378510,-8184(-2.12%),5.67,-,0,2046,0股,33.16%,-2.12%
2025-02-13,股票,德龙汇能(000593.XSHE),多,68800股,68800股,5.52,379776,-6880(-1.78%),5.62,-,0,-5504,0股,33.27%,-1.78%
2025-02-13,股票,森泰股份(301429.XSHE),多,22500股,22500股,17.01,382725,-2025(-0.53%),17.1,-,0,4500,0股,33.53%,-0.53%
2025-02-14,股票,金发拉比(002762.XSHE),多,68200股,68200股,5.44,371008,-15686(-4.06%),5.67,-,0,-7502,0股,32.97%,-4.06%
2025-02-14,股票,德龙汇能(000593.XSHE),多,68800股,68800股,5.46,375648,-11008(-2.85%),5.62,-,0,-4128,0股,33.38%,-2.85%
2025-02-14,股票,森泰股份(301429.XSHE),多,22500股,22500股,16.81,378225,-6525(-1.7%),17.1,-,0,-4500,0股,33.61%,-1.7%
2025-02-17,股票,金发拉比(002762.XSHE),多,68200股,68200股,5.65,385330,-1364(-0.35%),5.67,-,0,14322,0股,33.23%,-0.35%
2025-02-17,股票,德龙汇能(000593.XSHE),多,68800股,68800股,5.56,382528,-4128(-1.07%),5.62,-,0,6880,0股,32.99%,-1.07%
2025-02-17,股票,森泰股份(301429.XSHE),多,22500股,22500股,17.39,391275,6525(1.7%),17.1,-,0,13050,0股,33.74%,1.7%
2025-02-18,股票,金发拉比(002762.XSHE),多,68100股,0股,5.41,368421,-17025(-4.42%),5.66,-,0,-17025,68100股,33.37%,-4.42%
2025-02-18,股票,河化股份(000953.XSHE),多,70300股,0股,5.24,368372,-16872(-4.38%),5.48,-,0,-16872,70300股,33.37%,-4.38%
2025-02-18,股票,华升股份(600156.XSHG),多,77800股,0股,4.73,367994,-16338(-4.25%),4.94,-,0,-16338,77800股,33.33%,-4.25%
2025-02-19,股票,金发拉比(002762.XSHE),多,68100股,68100股,5.48,373188,-12258(-3.18%),5.66,-,0,4767,0股,33.36%,-3.18%
2025-02-19,股票,河化股份(000953.XSHE),多,70300股,70300股,5.27,370481,-14763(-3.83%),5.48,-,0,2109,0股,33.12%,-3.83%
2025-02-19,股票,华升股份(600156.XSHG),多,77800股,77800股,4.83,375774,-8558(-2.23%),4.94,-,0,7780,0股,33.59%,-2.23%
2025-02-20,股票,金发拉比(002762.XSHE),多,68100股,68100股,5.6,381360,-4086(-1.06%),5.66,-,0,8172,0股,33.75%,-1.06%
2025-02-20,股票,河化股份(000953.XSHE),多,70300股,70300股,5.28,371184,-14060(-3.65%),5.48,-,0,703,0股,32.85%,-3.65%
2025-02-20,股票,华升股份(600156.XSHG),多,77800股,77800股,4.86,378108,-6224(-1.62%),4.94,-,0,2334,0股,33.47%,-1.62%
2025-02-21,股票,金发拉比(002762.XSHE),多,68100股,68100股,5.51,375231,-10215(-2.65%),5.66,-,0,-6129,0股,33.78%,-2.65%
2025-02-21,股票,河化股份(000953.XSHE),多,70300股,70300股,5.22,366966,-18278(-4.74%),5.48,-,0,-4218,0股,33.03%,-4.74%
2025-02-21,股票,华升股份(600156.XSHG),多,77800股,77800股,4.75,369550,-14782(-3.85%),4.94,-,0,-8558,0股,33.27%,-3.85%
2025-02-24,股票,金发拉比(002762.XSHE),多,68100股,68100股,5.62,382722,-2724(-0.71%),5.66,-,0,7491,0股,34.2%,-0.71%
2025-02-24,股票,河化股份(000953.XSHE),多,70300股,70300股,5.23,367669,-17575(-4.56%),5.48,-,0,703,0股,32.85%,-4.56%
2025-02-24,股票,华升股份(600156.XSHG),多,77800股,77800股,4.75,369550,-14782(-3.85%),4.94,-,0,0,0股,33.02%,-3.85%
2025-02-25,股票,和顺科技(301237.XSHE),多,14800股,0股,24.84,367632,-1776(-0.48%),24.96,-,0,-1776,14800股,33.21%,-0.48%
2025-02-25,股票,力盛体育(002858.XSHE),多,30600股,0股,12.03,368118,-1224(-0.33%),12.07,-,0,-1224,30600股,33.25%,-0.33%
2025-02-26,股票,和顺科技(301237.XSHE),多,14800股,14800股,24.77,366596,-2812(-0.76%),24.96,-,0,-1036,0股,33.06%,-0.76%
2025-02-26,股票,力盛体育(002858.XSHE),多,30600股,30600股,12.12,370872,1530(0.41%),12.07,-,0,2754,0股,33.45%,0.41%
2025-02-27,股票,和顺科技(301237.XSHE),多,14800股,14800股,24.62,364376,-5032(-1.36%),24.96,-,0,-2220,0股,32.99%,-1.36%
2025-02-27,股票,力盛体育(002858.XSHE),多,30600股,30600股,12.05,368730,-612(-0.17%),12.07,-,0,-2142,0股,33.39%,-0.17%
2025-02-28,股票,和顺科技(301237.XSHE),多,14800股,14800股,23.76,351648,-17760(-4.81%),24.96,-,0,-12728,0股,32.5%,-4.81%
2025-02-28,股票,力盛体育(002858.XSHE),多,30600股,30600股,11.73,358938,-10404(-2.82%),12.07,-,0,-9792,0股,33.18%,-2.82%
2025-03-03,股票,和顺科技(301237.XSHE),多,14800股,14800股,24.19,358012,-11396(-3.08%),24.96,-,0,6364,0股,32.73%,-3.08%
2025-03-03,股票,力盛体育(002858.XSHE),多,30600股,30600股,11.91,364446,-4896(-1.33%),12.07,-,0,5508,0股,33.32%,-1.33%
2025-03-04,股票,同兴科技(003027.XSHE),多,23600股,0股,15.44,364384,4720(1.31%),15.24,-,0,4720,23600股,33.32%,1.31%
2025-03-04,股票,星光农机(603789.XSHG),多,48600股,0股,7.57,367902,7290(2.02%),7.42,-,0,7290,48600股,33.64%,2.02%
2025-03-05,股票,同兴科技(003027.XSHE),多,23600股,23600股,15.73,371228,11564(3.22%),15.24,-,0,6844,0股,33.93%,3.22%
2025-03-05,股票,星光农机(603789.XSHG),多,48600股,48600股,7.44,361584,972(0.27%),7.42,-,0,-6318,0股,33.05%,0.27%
2025-03-06,股票,同兴科技(003027.XSHE),多,23600股,23600股,15.77,372172,12508(3.48%),15.24,-,0,944,0股,33.9%,3.48%
2025-03-06,股票,星光农机(603789.XSHG),多,48600股,48600股,7.5,364500,3888(1.08%),7.42,-,0,2916,0股,33.2%,1.08%
2025-03-07,股票,同兴科技(003027.XSHE),多,23600股,23600股,15.53,366508,6844(1.9%),15.24,-,0,-5664,0股,33.92%,1.9%
2025-03-07,股票,星光农机(603789.XSHG),多,48600股,48600股,7.26,352836,-7776(-2.16%),7.42,-,0,-11664,0股,32.65%,-2.16%
2025-03-10,股票,同兴科技(003027.XSHE),多,23600股,23600股,15.69,370284,10620(2.95%),15.24,-,0,3776,0股,34.1%,2.95%
2025-03-10,股票,星光农机(603789.XSHG),多,48600股,48600股,7.29,354294,-6318(-1.75%),7.42,-,0,1458,0股,32.63%,-1.75%
2025-03-11,股票,嘉华股份(603182.XSHG),多,29600股,0股,12.22,361712,3256(0.91%),12.11,-,0,3256,29600股,33.35%,0.91%
2025-03-11,股票,勘设股份(603458.XSHG),多,55500股,0股,6.54,362970,3885(1.08%),6.47,-,0,3885,55500股,33.46%,1.08%
2025-03-11,股票,启迪设计(300500.XSHE),多,31400股,0股,11.45,359530,1884(0.53%),11.39,-,0,1884,31400股,33.14%,0.53%
2025-03-12,股票,嘉华股份(603182.XSHG),多,29600股,29600股,12.21,361416,2960(0.83%),12.11,-,0,-296,0股,33.36%,0.83%
2025-03-12,股票,勘设股份(603458.XSHG),多,55500股,55500股,6.58,365190,6105(1.7%),6.47,-,0,2220,0股,33.7%,1.7%
2025-03-12,股票,启迪设计(300500.XSHE),多,31400股,31400股,11.35,356390,-1256(-0.35%),11.39,-,0,-3140,0股,32.89%,-0.35%
2025-03-13,股票,嘉华股份(603182.XSHG),多,29600股,29600股,12.21,361416,2960(0.83%),12.11,-,0,0,0股,33.69%,0.83%
2025-03-13,股票,勘设股份(603458.XSHG),多,55500股,55500股,6.48,359640,555(0.15%),6.47,-,0,-5550,0股,33.53%,0.15%
2025-03-13,股票,启迪设计(300500.XSHE),多,31400股,31400股,11.18,351052,-6594(-1.84%),11.39,-,0,-5338,0股,32.73%,-1.84%
2025-03-14,股票,嘉华股份(603182.XSHG),多,29600股,29600股,12.42,367632,9176(2.56%),12.11,-,0,6216,0股,33.72%,2.56%
2025-03-14,股票,勘设股份(603458.XSHG),多,55500股,55500股,6.56,364080,4995(1.39%),6.47,-,0,4440,0股,33.4%,1.39%
2025-03-14,股票,启迪设计(300500.XSHE),多,31400股,31400股,11.4,357960,314(0.09%),11.39,-,0,6908,0股,32.83%,0.09%
2025-03-17,股票,嘉华股份(603182.XSHG),多,29600股,29600股,12.8,378880,20424(5.7%),12.11,-,0,11248,0股,33.19%,5.7%
2025-03-17,股票,勘设股份(603458.XSHG),多,55500股,55500股,7.22,400710,41625(11.59%),6.47,-,0,36630,0股,35.1%,11.59%
2025-03-17,股票,启迪设计(300500.XSHE),多,31400股,31400股,11.51,361414,3768(1.05%),11.39,-,0,3454,0股,31.66%,1.05%
2025-03-18,股票,德才股份(605287.XSHG),多,26200股,0股,14.4,377280,-2882(-0.76%),14.51,-,0,-2882,26200股,33.27%,-0.76%
2025-03-18,股票,启迪设计(300500.XSHE),多,32800股,0股,11.59,380152,0(0%),11.59,-,0,0,32800股,33.52%,0%
2025-03-18,股票,宝莱特(300246.XSHE),多,50000股,0股,7.54,377000,-3000(-0.79%),7.6,-,0,-3000,50000股,33.25%,-0.79%
2025-03-19,股票,德才股份(605287.XSHG),多,26200股,26200股,14.33,375446,-4716(-1.24%),14.51,-,0,-1834,0股,32.5%,-1.24%
2025-03-19,股票,启迪设计(300500.XSHE),多,32800股,32800股,12.39,406392,26240(6.9%),11.59,-,0,26240,0股,35.17%,6.9%
2025-03-19,股票,宝莱特(300246.XSHE),多,50000股,50000股,7.48,374000,-6000(-1.58%),7.6,-,0,-3000,0股,32.37%,-1.58%
2025-03-20,股票,德才股份(605287.XSHG),多,26200股,26200股,14.41,377542,-2620(-0.69%),14.51,-,0,2096,0股,33.2%,-0.69%
2025-03-20,股票,启迪设计(300500.XSHE),多,32800股,32800股,11.83,388024,7872(2.07%),11.59,-,0,-18368,0股,34.12%,2.07%
2025-03-20,股票,宝莱特(300246.XSHE),多,50000股,50000股,7.44,372000,-8000(-2.11%),7.6,-,0,-2000,0股,32.71%,-2.11%
2025-03-21,股票,德才股份(605287.XSHG),多,26200股,26200股,14.43,378066,-2096(-0.55%),14.51,-,0,524,0股,33.36%,-0.55%
2025-03-21,股票,启迪设计(300500.XSHE),多,32800股,32800股,11.9,390320,10168(2.67%),11.59,-,0,2296,0股,34.44%,2.67%
2025-03-21,股票,宝莱特(300246.XSHE),多,50000股,50000股,7.31,365500,-14500(-3.82%),7.6,-,0,-6500,0股,32.25%,-3.82%
2025-03-24,股票,德才股份(605287.XSHG),多,26200股,26200股,14.43,378066,-2096(-0.55%),14.51,-,0,0,0股,34.75%,-0.55%
2025-03-24,股票,启迪设计(300500.XSHE),多,32800股,32800股,11.15,365720,-14432(-3.8%),11.59,-,0,-24600,0股,33.62%,-3.8%
2025-03-24,股票,宝莱特(300246.XSHE),多,50000股,50000股,6.89,344500,-35500(-9.34%),7.6,-,0,-21000,0股,31.67%,-9.34%
2025-03-25,股票,博汇股份(300839.XSHE),多,44600股,0股,8.21,366166,4014(1.11%),8.12,-,0,4014,44600股,33.58%,1.11%
2025-03-26,股票,博汇股份(300839.XSHE),多,44600股,44600股,8.48,378208,16056(4.43%),8.12,-,0,12042,0股,34.31%,4.43%
2025-03-27,股票,博汇股份(300839.XSHE),多,44600股,44600股,8.3,370180,8028(2.22%),8.12,-,0,-8028,0股,33.82%,2.22%
2025-03-28,股票,博汇股份(300839.XSHE),多,44600股,44600股,8.12,362152,0(0%),8.12,-,0,-8028,0股,33.34%,0%
2025-03-31,股票,博汇股份(300839.XSHE),多,44600股,44600股,8.06,359476,-2676(-0.74%),8.12,-,0,-2676,0股,33.17%,-0.74%
2025-04-01,股票,中科云网(002306.XSHE),多,169400股,0股,2.23,377762,16940(4.69%),2.13,-,0,16940,169400股,34.12%,4.69%
2025-04-01,股票,福建金森(002679.XSHE),多,42500股,0股,8.67,368475,7650(2.12%),8.49,-,0,7650,42500股,33.28%,2.12%
2025-04-02,股票,中科云网(002306.XSHE),多,169400股,169400股,2.17,367598,6776(1.88%),2.13,-,0,-10164,0股,33.39%,1.88%
2025-04-02,股票,福建金森(002679.XSHE),多,42500股,42500股,8.76,372300,11475(3.18%),8.49,-,0,3825,0股,33.82%,3.18%
2025-04-03,股票,中科云网(002306.XSHE),多,169400股,169400股,2.39,404866,44044(12.21%),2.13,-,0,37268,0股,35.49%,12.21%
2025-04-03,股票,福建金森(002679.XSHE),多,42500股,42500股,8.82,374850,14025(3.89%),8.49,-,0,2550,0股,32.86%,3.89%
2025-04-07,股票,中科云网(002306.XSHE),多,169400股,169400股,2.26,382844,22022(6.1%),2.13,-,0,-22022,0股,35.41%,6.1%
2025-04-07,股票,福建金森(002679.XSHE),多,42500股,42500股,7.94,337450,-23375(-6.48%),8.49,-,0,-37400,0股,31.21%,-6.48%
2025-04-08,股票,中科云网(002306.XSHE),多,169400股,169400股,2.45,415030,54208(15.02%),2.13,-,0,32186,0股,36.85%,15.02%
2025-04-08,股票,福建金森(002679.XSHE),多,42500股,42500股,8.24,350200,-10625(-2.94%),8.49,-,0,12750,0股,31.1%,-2.94%
2025-04-09,股票,康平科技(300907.XSHE),多,18100股,0股,20.98,379738,16109(4.43%),20.09,-,0,16109,18100股,33.18%,4.43%
2025-04-09,股票,宁波方正(300998.XSHE),多,25100股,0股,15.31,384281,20080(5.51%),14.51,-,0,20080,25100股,33.58%,5.51%
2025-04-09,股票,波导股份(600130.XSHG),多,139800股,0股,2.72,380256,16776(4.62%),2.6,-,0,16776,139800股,33.23%,4.62%
2025-04-10,股票,康平科技(300907.XSHE),多,18100股,18100股,21.76,393856,30227(8.31%),20.09,-,0,14118,0股,33.41%,8.31%
2025-04-10,股票,宁波方正(300998.XSHE),多,25100股,25100股,15.51,389301,25100(6.89%),14.51,-,0,5020,0股,33.02%,6.89%
2025-04-10,股票,波导股份(600130.XSHG),多,139800股,139800股,2.83,395634,32154(8.85%),2.6,-,0,15378,0股,33.56%,8.85%
2025-04-11,股票,康平科技(300907.XSHE),多,18100股,18100股,22.53,407793,44164(12.15%),20.09,-,0,13937,0股,32.77%,12.15%
2025-04-11,股票,宁波方正(300998.XSHE),多,25100股,25100股,16,401600,37399(10.27%),14.51,-,0,12299,0股,32.28%,10.27%
2025-04-11,股票,波导股份(600130.XSHG),多,139800股,139800股,3.11,434778,71298(19.62%),2.6,-,0,39144,0股,34.94%,19.62%
2025-04-14,股票,康平科技(300907.XSHE),多,18100股,18100股,22.82,413042,49413(13.59%),20.09,-,0,5249,0股,32.19%,13.59%
2025-04-14,股票,宁波方正(300998.XSHE),多,25100股,25100股,16.67,418417,54216(14.89%),14.51,-,0,16817,0股,32.61%,14.89%
2025-04-14,股票,波导股份(600130.XSHG),多,139800股,139800股,3.23,451554,88074(24.23%),2.6,-,0,16776,0股,35.19%,24.23%
2025-04-15,股票,康平科技(300907.XSHE),多,18100股,18100股,23.03,416843,53214(14.63%),20.09,-,0,3801,0股,32.87%,14.63%
2025-04-15,股票,宁波方正(300998.XSHE),多,25100股,25100股,16.71,419421,55220(15.16%),14.51,-,0,1004,0股,33.07%,15.16%
2025-04-15,股票,波导股份(600130.XSHG),多,139800股,139800股,3.09,431982,68502(18.85%),2.6,-,0,-19572,0股,34.06%,18.85%
2025-04-16,股票,亚光股份(603282.XSHG),多,27900股,0股,14.56,406224,-11439(-2.74%),14.97,-,0,-11439,27900股,32.58%,-2.74%
2025-04-16,股票,光正眼科(002524.XSHE),多,109900股,0股,3.93,431907,14287(3.42%),3.8,-,0,14287,109900股,34.64%,3.42%
2025-04-16,股票,伟隆股份(002871.XSHE),多,45400股,0股,9,408600,-8626(-2.07%),9.19,-,0,-8626,45400股,32.77%,-2.07%
2025-04-17,股票,亚光股份(603282.XSHG),多,27900股,27900股,14.9,415710,-1953(-0.47%),14.97,-,0,9486,0股,33.27%,-0.47%
2025-04-17,股票,光正眼科(002524.XSHE),多,109900股,109900股,3.82,419818,2198(0.53%),3.8,-,0,-12089,0股,33.6%,0.53%
2025-04-17,股票,伟隆股份(002871.XSHE),多,45400股,45400股,9.11,413594,-3632(-0.87%),9.19,-,0,4994,0股,33.1%,-0.87%
2025-04-18,股票,亚光股份(603282.XSHG),多,27900股,27900股,14.85,414315,-3348(-0.8%),14.97,-,0,-1395,0股,33.1%,-0.8%
2025-04-18,股票,光正眼科(002524.XSHE),多,109900股,109900股,3.8,417620,0(0%),3.8,-,0,-2198,0股,33.36%,0%
2025-04-18,股票,伟隆股份(002871.XSHE),多,45400股,45400股,9.24,419496,2270(0.54%),9.19,-,0,5902,0股,33.51%,0.54%
2025-04-21,股票,亚光股份(603282.XSHG),多,27900股,27900股,14.77,412083,-5580(-1.34%),14.97,-,0,-2232,0股,32.83%,-1.34%
2025-04-21,股票,光正眼科(002524.XSHE),多,109900股,109900股,3.8,417620,0(0%),3.8,-,0,0,0股,33.27%,0%
2025-04-21,股票,伟隆股份(002871.XSHE),多,45400股,45400股,9.37,425398,8172(1.96%),9.19,-,0,5902,0股,33.89%,1.96%
2025-04-22,股票,亚光股份(603282.XSHG),多,27900股,27900股,14.83,413757,-3906(-0.94%),14.97,-,0,1674,0股,32.86%,-0.94%
2025-04-22,股票,光正眼科(002524.XSHE),多,109900股,109900股,3.77,414323,-3297(-0.79%),3.8,-,0,-3297,0股,32.9%,-0.79%
2025-04-22,股票,伟隆股份(002871.XSHE),多,45400股,45400股,9.49,430846,13620(3.26%),9.19,-,0,5448,0股,34.22%,3.26%
2025-04-23,股票,裕兴股份(300305.XSHE),多,78500股,0股,5.42,425470,3925(0.93%),5.37,-,0,3925,78500股,33.78%,0.93%
2025-04-23,股票,海波重科(300517.XSHE),多,42200股,0股,9.84,415248,-5064(-1.2%),9.96,-,0,-5064,42200股,32.97%,-1.2%
2025-04-23,股票,新锦动力(300157.XSHE),多,151200股,0股,2.77,418824,-1512(-0.36%),2.78,-,0,-1512,151200股,33.26%,-0.36%
2025-04-24,股票,裕兴股份(300305.XSHE),多,78500股,78500股,5.41,424685,3140(0.74%),5.37,-,0,-785,0股,34.03%,0.74%
2025-04-24,股票,海波重科(300517.XSHE),多,42200股,42200股,9.77,412294,-8018(-1.91%),9.96,-,0,-2954,0股,33.03%,-1.91%
2025-04-24,股票,新锦动力(300157.XSHE),多,151200股,151200股,2.72,411264,-9072(-2.16%),2.78,-,0,-7560,0股,32.95%,-2.16%
2025-04-25,股票,裕兴股份(300305.XSHE),多,78500股,78500股,5.39,423115,1570(0.37%),5.37,-,0,-1570,0股,34.57%,0.37%
2025-04-25,股票,海波重科(300517.XSHE),多,42200股,42200股,9.45,398790,-21522(-5.12%),9.96,-,0,-13504,0股,32.58%,-5.12%
2025-04-25,股票,新锦动力(300157.XSHE),多,151200股,151200股,2.66,402192,-18144(-4.32%),2.78,-,0,-9072,0股,32.86%,-4.32%
2025-04-28,股票,裕兴股份(300305.XSHE),多,78500股,78500股,5.29,415265,-6280(-1.49%),5.37,-,0,-7850,0股,32.53%,-1.49%
2025-04-28,股票,海波重科(300517.XSHE),多,42200股,42200股,8.98,378956,-41356(-9.84%),9.96,-,0,-19834,0股,29.69%,-9.84%
2025-04-28,股票,新锦动力(300157.XSHE),多,151200股,151200股,3.19,482328,61992(14.75%),2.78,-,0,80136,0股,37.79%,14.75%
2025-04-29,股票,裕兴股份(300305.XSHE),多,78500股,78500股,5.46,428610,7065(1.68%),5.37,-,0,13345,0股,31.75%,1.68%
2025-04-29,股票,海波重科(300517.XSHE),多,42200股,42200股,9.15,386130,-34182(-8.13%),9.96,-,0,7174,0股,28.6%,-8.13%
2025-04-29,股票,新锦动力(300157.XSHE),多,151200股,151200股,3.54,535248,114912(27.34%),2.78,-,0,52920,0股,39.65%,27.34%
2025-04-30,股票,远信工业(301053.XSHE),多,18000股,0股,24.67,444060,2880(0.65%),24.51,-,0,2880,18000股,33.49%,0.65%
2025-04-30,股票,海泰发展(600082.XSHG),多,143700股,0股,3,431100,-10059(-2.28%),3.07,-,0,-10059,143700股,32.51%,-2.28%
2025-04-30,股票,泰福泵业(300992.XSHE),多,20700股,0股,21.78,450846,9315(2.11%),21.33,-,0,9315,20700股,34%,2.11%
2025-05-06,股票,远信工业(301053.XSHE),多,18000股,18000股,25.15,452700,11520(2.61%),24.51,-,0,8640,0股,33.17%,2.61%
2025-05-06,股票,海泰发展(600082.XSHG),多,143700股,143700股,3.11,446907,5748(1.3%),3.07,-,0,15807,0股,32.75%,1.3%
2025-05-06,股票,泰福泵业(300992.XSHE),多,20700股,20700股,22.47,465129,23598(5.34%),21.33,-,0,14283,0股,34.08%,5.34%
2025-05-07,股票,远信工业(301053.XSHE),多,18000股,18000股,25.31,455580,14400(3.26%),24.51,-,0,2880,0股,32.49%,3.26%
2025-05-07,股票,海泰发展(600082.XSHG),多,143700股,143700股,3.16,454092,12933(2.93%),3.07,-,0,7185,0股,32.38%,2.93%
2025-05-07,股票,泰福泵业(300992.XSHE),多,20700股,20700股,23.8,492660,51129(11.58%),21.33,-,0,27531,0股,35.13%,11.58%
2025-05-08,股票,远信工业(301053.XSHE),多,18000股,18000股,27.22,489960,48780(11.06%),24.51,-,0,34380,0股,33.88%,11.06%
2025-05-08,股票,海泰发展(600082.XSHG),多,143700股,143700股,3.24,465588,24429(5.54%),3.07,-,0,11496,0股,32.19%,5.54%
2025-05-08,股票,泰福泵业(300992.XSHE),多,20700股,20700股,23.71,490797,49266(11.16%),21.33,-,0,-1863,0股,33.94%,11.16%
2025-05-09,股票,远信工业(301053.XSHE),多,18000股,18000股,32.66,587880,146700(33.25%),24.51,-,0,97920,0股,37.89%,33.25%
2025-05-09,股票,海泰发展(600082.XSHG),多,143700股,143700股,3.29,472773,31614(7.17%),3.07,-,0,7185,0股,30.47%,7.17%
2025-05-09,股票,泰福泵业(300992.XSHE),多,20700股,20700股,23.71,490797,49266(11.16%),21.33,-,0,0,0股,31.64%,11.16%
2025-05-12,股票,金利华电(300069.XSHE),多,29900股,0股,17.09,510991,-5382(-1.04%),17.27,-,0,-5382,29900股,33.31%,-1.04%
2025-05-12,股票,同德化工(002360.XSHE),多,103100股,0股,4.97,512407,-4124(-0.8%),5.01,-,0,-4124,103100股,33.41%,-0.8%
2025-05-12,股票,广济药业(000952.XSHE),多,88900股,0股,5.75,511175,-3556(-0.69%),5.79,-,0,-3556,88900股,33.33%,-0.69%
2025-05-13,股票,金利华电(300069.XSHE),多,29900股,29900股,16.88,504712,-11661(-2.26%),17.27,-,0,-6279,0股,32.98%,-2.26%
2025-05-13,股票,同德化工(002360.XSHE),多,103100股,103100股,4.97,512407,-4124(-0.8%),5.01,-,0,0,0股,33.48%,-0.8%
2025-05-13,股票,广济药业(000952.XSHE),多,88900股,88900股,5.78,513842,-889(-0.17%),5.79,-,0,2667,0股,33.58%,-0.17%
2025-05-14,股票,金利华电(300069.XSHE),多,29900股,29900股,16.71,499629,-16744(-3.24%),17.27,-,0,-5083,0股,32.88%,-3.24%
2025-05-14,股票,同德化工(002360.XSHE),多,103100股,103100股,4.94,509314,-7217(-1.4%),5.01,-,0,-3093,0股,33.52%,-1.4%
2025-05-14,股票,广济药业(000952.XSHE),多,88900股,88900股,5.75,511175,-3556(-0.69%),5.79,-,0,-2667,0股,33.64%,-0.69%
2025-05-15,股票,金利华电(300069.XSHE),多,29900股,29900股,16.2,484380,-31993(-6.2%),17.27,-,0,-15249,0股,31.99%,-6.2%
2025-05-15,股票,同德化工(002360.XSHE),多,103100股,103100股,4.96,511376,-5155(-1%),5.01,-,0,2062,0股,33.77%,-1%
2025-05-15,股票,广济药业(000952.XSHE),多,88900股,88900股,5.84,519176,4445(0.86%),5.79,-,0,8001,0股,34.29%,0.86%
2025-05-16,股票,金利华电(300069.XSHE),多,29900股,29900股,16.25,485875,-30498(-5.91%),17.27,-,0,1495,0股,31.76%,-5.91%
2025-05-16,股票,同德化工(002360.XSHE),多,103100股,103100股,5.02,517562,1031(0.2%),5.01,-,0,6186,0股,33.83%,0.2%
2025-05-16,股票,广济药业(000952.XSHE),多,88900股,88900股,5.93,527177,12446(2.42%),5.79,-,0,8001,0股,34.46%,2.42%
2025-05-19,股票,彩虹集团(003023.XSHE),多,27500股,0股,19.06,524150,-1650(-0.31%),19.12,-,0,-1650,27500股,32.88%,-0.31%
2025-05-19,股票,广康生化(300804.XSHE),多,19400股,0股,27.38,531172,4850(0.92%),27.13,-,0,4850,19400股,33.32%,0.92%
2025-05-19,股票,嘉麟杰(002486.XSHE),多,218600股,0股,2.46,537756,10930(2.07%),2.41,-,0,10930,218600股,33.73%,2.07%
2025-05-20,股票,彩虹集团(003023.XSHE),多,27500股,27500股,19.49,535975,10175(1.94%),19.12,-,0,11825,0股,33.12%,1.94%
2025-05-20,股票,广康生化(300804.XSHE),多,19400股,19400股,27.68,536992,10670(2.03%),27.13,-,0,5820,0股,33.18%,2.03%
2025-05-20,股票,嘉麟杰(002486.XSHE),多,218600股,218600股,2.49,544314,17488(3.32%),2.41,-,0,6558,0股,33.63%,3.32%
2025-05-21,股票,彩虹集团(003023.XSHE),多,27500股,27500股,19.18,527450,1650(0.31%),19.12,-,0,-8525,0股,33.04%,0.31%
2025-05-21,股票,广康生化(300804.XSHE),多,19400股,19400股,27.09,525546,-776(-0.15%),27.13,-,0,-11446,0股,32.92%,-0.15%
2025-05-21,股票,嘉麟杰(002486.XSHE),多,218600股,218600股,2.48,542128,15302(2.9%),2.41,-,0,-2186,0股,33.96%,2.9%
2025-05-22,股票,彩虹集团(003023.XSHE),多,27500股,27500股,18.75,515625,-10175(-1.94%),19.12,-,0,-11825,0股,32.86%,-1.94%
2025-05-22,股票,广康生化(300804.XSHE),多,19400股,19400股,26.65,517010,-9312(-1.77%),27.13,-,0,-8536,0股,32.95%,-1.77%
2025-05-22,股票,嘉麟杰(002486.XSHE),多,218600股,218600股,2.45,535570,8744(1.66%),2.41,-,0,-6558,0股,34.13%,1.66%
2025-05-23,股票,彩虹集团(003023.XSHE),多,27500股,27500股,18.67,513425,-12375(-2.35%),19.12,-,0,-2200,0股,33.09%,-2.35%
2025-05-23,股票,广康生化(300804.XSHE),多,19400股,19400股,26.63,516622,-9700(-1.84%),27.13,-,0,-388,0股,33.3%,-1.84%
2025-05-23,股票,嘉麟杰(002486.XSHE),多,218600股,218600股,2.38,520268,-6558(-1.24%),2.41,-,0,-15302,0股,33.54%,-1.24%
2025-05-26,股票,同德化工(002360.XSHE),多,103900股,0股,5.16,536124,17663(3.41%),4.99,-,0,17663,103900股,34.02%,3.41%
2025-05-26,股票,霍普股份(301024.XSHE),多,16200股,0股,32.16,520992,4860(0.94%),31.86,-,0,4860,16200股,33.06%,0.94%
2025-05-26,股票,万丰股份(603172.XSHG),多,34200股,0股,15.15,518130,342(0.07%),15.14,-,0,342,34200股,32.88%,0.07%
2025-05-27,股票,同德化工(002360.XSHE),多,103900股,103900股,5.09,528851,10390(2%),4.99,-,0,-7273,0股,33.52%,2%
2025-05-27,股票,霍普股份(301024.XSHE),多,16200股,16200股,32.42,525204,9072(1.76%),31.86,-,0,4212,0股,33.28%,1.76%
2025-05-27,股票,万丰股份(603172.XSHG),多,34200股,34200股,15.3,523260,5472(1.06%),15.14,-,0,5130,0股,33.16%,1.06%
2025-05-28,股票,同德化工(002360.XSHE),多,103900股,103900股,5.04,523656,5195(1%),4.99,-,0,-5195,0股,33.73%,1%
2025-05-28,股票,霍普股份(301024.XSHE),多,16200股,16200股,31.64,512568,-3564(-0.69%),31.86,-,0,-12636,0股,33.01%,-0.69%
2025-05-28,股票,万丰股份(603172.XSHG),多,34200股,34200股,15.08,515736,-2052(-0.4%),15.14,-,0,-7524,0股,33.22%,-0.4%
2025-05-29,股票,同德化工(002360.XSHE),多,103900股,103900股,5.09,528851,10390(2%),4.99,-,0,5195,0股,31.7%,2%
2025-05-29,股票,霍普股份(301024.XSHE),多,16200股,16200股,37.97,615114,98982(19.18%),31.86,-,0,102546,0股,36.87%,19.18%
2025-05-29,股票,万丰股份(603172.XSHG),多,34200股,34200股,15.32,523944,6156(1.19%),15.14,-,0,8208,0股,31.4%,1.19%
2025-05-30,股票,同德化工(002360.XSHE),多,103900股,103900股,5.07,526773,8312(1.6%),4.99,-,0,-2078,0股,29.52%,1.6%
2025-05-30,股票,霍普股份(301024.XSHE),多,16200股,16200股,45.56,738072,221940(43%),31.86,-,0,122958,0股,41.37%,43%
2025-05-30,股票,万丰股份(603172.XSHG),多,34200股,34200股,15.17,518814,1026(0.2%),15.14,-,0,-5130,0股,29.08%,0.2%
2025-06-03,股票,凤形股份(002760.XSHE),多,33600股,0股,18.92,635712,13440(2.16%),18.52,-,0,13440,33600股,33.31%,2.16%
2025-06-03,股票,共同药业(300966.XSHE),多,36000股,0股,17.81,641160,18000(2.89%),17.31,-,0,18000,36000股,33.6%,2.89%
2025-06-03,股票,天域生物(603717.XSHG),多,91100股,0股,6.94,632234,8199(1.31%),6.85,-,0,8199,91100股,33.13%,1.31%
2025-06-04,股票,凤形股份(002760.XSHE),多,33600股,33600股,19.14,643104,20832(3.35%),18.52,-,0,7392,0股,33.37%,3.35%
2025-06-04,股票,共同药业(300966.XSHE),多,36000股,36000股,17.79,640440,17280(2.77%),17.31,-,0,-720,0股,33.24%,2.77%
2025-06-04,股票,天域生物(603717.XSHG),多,91100股,91100股,7.07,644077,20042(3.21%),6.85,-,0,11843,0股,33.42%,3.21%
2025-06-05,股票,凤形股份(002760.XSHE),多,33600股,33600股,19.25,646800,24528(3.94%),18.52,-,0,3696,0股,33.7%,3.94%
2025-06-05,股票,共同药业(300966.XSHE),多,36000股,36000股,17.58,632880,9720(1.56%),17.31,-,0,-7560,0股,32.97%,1.56%
2025-06-05,股票,天域生物(603717.XSHG),多,91100股,91100股,7.03,640433,16398(2.63%),6.85,-,0,-3644,0股,33.37%,2.63%
2025-06-06,股票,凤形股份(002760.XSHE),多,33600股,33600股,19.27,647472,25200(4.05%),18.52,-,0,672,0股,33.46%,4.05%
2025-06-06,股票,共同药业(300966.XSHE),多,36000股,36000股,17.85,642600,19440(3.12%),17.31,-,0,9720,0股,33.2%,3.12%
2025-06-06,股票,天域生物(603717.XSHG),多,91100股,91100股,7.09,645899,21864(3.5%),6.85,-,0,5466,0股,33.37%,3.5%
2025-06-09,股票,凤形股份(002760.XSHE),多,33600股,33600股,19.45,653520,31248(5.02%),18.52,-,0,6048,0股,33.01%,5.02%
2025-06-09,股票,共同药业(300966.XSHE),多,36000股,36000股,18.44,663840,40680(6.53%),17.31,-,0,21240,0股,33.53%,6.53%
2025-06-09,股票,天域生物(603717.XSHG),多,91100股,91100股,7.28,663208,39173(6.28%),6.85,-,0,17309,0股,33.5%,6.28%
2025-06-10,股票,友好集团(600778.XSHG),多,102700股,0股,6.35,652145,-8216(-1.24%),6.43,-,0,-8216,102700股,32.95%,-1.24%
2025-06-10,股票,廊坊发展(600149.XSHG),多,125600股,0股,5.33,669448,8792(1.33%),5.26,-,0,8792,125600股,33.82%,1.33%
2025-06-11,股票,友好集团(600778.XSHG),多,102700股,102700股,6.54,671658,11297(1.71%),6.43,-,0,19513,0股,33.69%,1.71%
2025-06-11,股票,廊坊发展(600149.XSHG),多,125600股,125600股,5.29,664424,3768(0.57%),5.26,-,0,-5024,0股,33.32%,0.57%
2025-06-12,股票,友好集团(600778.XSHG),多,102700股,102700股,6.49,666523,6162(0.93%),6.43,-,0,-5135,0股,33.73%,0.93%
2025-06-12,股票,廊坊发展(600149.XSHG),多,125600股,125600股,5.19,651864,-8792(-1.33%),5.26,-,0,-12560,0股,32.99%,-1.33%
2025-06-13,股票,友好集团(600778.XSHG),多,102700股,102700股,6.17,633659,-26702(-4.04%),6.43,-,0,-32864,0股,32.84%,-4.04%
2025-06-13,股票,廊坊发展(600149.XSHG),多,125600股,125600股,5.08,638048,-22608(-3.42%),5.26,-,0,-13816,0股,33.07%,-3.42%
2025-06-16,股票,友好集团(600778.XSHG),多,102700股,102700股,6.25,641875,-18486(-2.8%),6.43,-,0,8216,0股,33.08%,-2.8%
2025-06-16,股票,廊坊发展(600149.XSHG),多,125600股,125600股,5.1,640560,-20096(-3.04%),5.26,-,0,2512,0股,33.01%,-3.04%
2025-06-17,股票,天顺股份(002800.XSHE),多,49300股,0股,14.47,713371,65569(10.12%),13.14,-,0,65569,49300股,35.56%,10.12%
2025-06-17,股票,园林股份(605303.XSHG),多,52000股,0股,12.52,651040,2600(0.4%),12.47,-,0,2600,52000股,32.46%,0.4%
2025-06-17,股票,中公高科(603860.XSHG),多,21400股,0股,29.93,640502,-4280(-0.66%),30.13,-,0,-4280,21400股,31.93%,-0.66%
2025-06-18,股票,天顺股份(002800.XSHE),多,49300股,49300股,13.64,672452,24650(3.81%),13.14,-,0,-40919,0股,34.34%,3.81%
2025-06-18,股票,园林股份(605303.XSHG),多,52000股,52000股,12.52,651040,2600(0.4%),12.47,-,0,0,0股,33.25%,0.4%
2025-06-18,股票,中公高科(603860.XSHG),多,21400股,21400股,29.61,633654,-11128(-1.73%),30.13,-,0,-6848,0股,32.36%,-1.73%
2025-06-19,股票,天顺股份(002800.XSHE),多,49300股,49300股,13.11,646323,-1479(-0.23%),13.14,-,0,-26129,0股,34.01%,-0.23%
2025-06-19,股票,园林股份(605303.XSHG),多,52000股,52000股,12.12,630240,-18200(-2.81%),12.47,-,0,-20800,0股,33.16%,-2.81%
2025-06-19,股票,中公高科(603860.XSHG),多,21400股,21400股,29.1,622740,-22042(-3.42%),30.13,-,0,-10914,0股,32.77%,-3.42%
2025-06-20,股票,天顺股份(002800.XSHE),多,49300股,49300股,14.42,710906,63104(9.74%),13.14,-,0,64583,0股,36.38%,9.74%
2025-06-20,股票,园林股份(605303.XSHG),多,52000股,52000股,11.94,620880,-27560(-4.25%),12.47,-,0,-9360,0股,31.77%,-4.25%
2025-06-20,股票,中公高科(603860.XSHG),多,21400股,21400股,29.03,621242,-23540(-3.65%),30.13,-,0,-1498,0股,31.79%,-3.65%
2025-06-23,股票,天顺股份(002800.XSHE),多,49300股,49300股,15.86,781898,134096(20.7%),13.14,-,0,70992,0股,38.05%,20.7%
2025-06-23,股票,园林股份(605303.XSHG),多,52000股,52000股,12.34,641680,-6760(-1.04%),12.47,-,0,20800,0股,31.23%,-1.04%
2025-06-23,股票,中公高科(603860.XSHG),多,21400股,21400股,29.45,630230,-14552(-2.26%),30.13,-,0,8988,0股,30.67%,-2.26%
2025-06-24,股票,拓山重工(001226.XSHE),多,25000股,0股,27.89,697250,25250(3.76%),26.88,-,0,25250,25000股,33.41%,3.76%
2025-06-24,股票,宝莱特(300246.XSHE),多,89000股,0股,7.8,694200,21360(3.17%),7.56,-,0,21360,89000股,33.27%,3.17%
2025-06-24,股票,百川畅银(300614.XSHE),多,53700股,0股,12.96,695952,24702(3.68%),12.5,-,0,24702,53700股,33.35%,3.68%
2025-06-25,股票,拓山重工(001226.XSHE),多,25000股,25000股,28.06,701500,29500(4.39%),26.88,-,0,4250,0股,33.53%,4.39%
2025-06-25,股票,宝莱特(300246.XSHE),多,89000股,89000股,7.81,695090,22250(3.31%),7.56,-,0,890,0股,33.22%,3.31%
2025-06-25,股票,百川畅银(300614.XSHE),多,53700股,53700股,12.97,696489,25239(3.76%),12.5,-,0,537,0股,33.29%,3.76%
2025-06-26,股票,拓山重工(001226.XSHE),多,25000股,25000股,27.7,692500,20500(3.05%),26.88,-,0,-9000,0股,33.23%,3.05%
2025-06-26,股票,宝莱特(300246.XSHE),多,89000股,89000股,7.79,693310,20470(3.04%),7.56,-,0,-1780,0股,33.27%,3.04%
2025-06-26,股票,百川畅银(300614.XSHE),多,53700股,53700股,13.01,698637,27387(4.08%),12.5,-,0,2148,0股,33.53%,4.08%
2025-06-27,股票,拓山重工(001226.XSHE),多,25000股,25000股,27.71,692750,20750(3.09%),26.88,-,0,250,0股,33.06%,3.09%
2025-06-27,股票,宝莱特(300246.XSHE),多,89000股,89000股,7.85,698650,25810(3.84%),7.56,-,0,5340,0股,33.34%,3.84%
2025-06-27,股票,百川畅银(300614.XSHE),多,53700股,53700股,13.12,704544,33294(4.96%),12.5,-,0,5907,0股,33.63%,4.96%
2025-06-30,股票,拓山重工(001226.XSHE),多,25000股,25000股,27.84,696000,24000(3.57%),26.88,-,0,3250,0股,32.81%,3.57%
2025-06-30,股票,宝莱特(300246.XSHE),多,89000股,89000股,7.99,711110,38270(5.69%),7.56,-,0,12460,0股,33.52%,5.69%
2025-06-30,股票,百川畅银(300614.XSHE),多,53700股,53700股,13.31,714747,43497(6.48%),12.5,-,0,10203,0股,33.7%,6.48%
2025-07-01,股票,浙江力诺(300838.XSHE),多,48300股,0股,14.45,697935,-9177(-1.3%),14.64,-,0,-9177,48300股,33.26%,-1.3%
2025-07-01,股票,农心科技(001231.XSHE),多,35100股,0股,20.04,703404,-2808(-0.4%),20.12,-,0,-2808,35100股,33.52%,-0.4%
2025-07-01,股票,四方新材(605122.XSHG),多,59400股,0股,11.74,697356,-7722(-1.1%),11.87,-,0,-7722,59400股,33.23%,-1.1%
2025-07-02,股票,浙江力诺(300838.XSHE),多,48300股,48300股,14.5,700350,-6762(-0.96%),14.64,-,0,2415,0股,33.14%,-0.96%
2025-07-02,股票,农心科技(001231.XSHE),多,35100股,35100股,20.1,705510,-702(-0.1%),20.12,-,0,2106,0股,33.38%,-0.1%
2025-07-02,股票,四方新材(605122.XSHG),多,59400股,59400股,11.92,708048,2970(0.42%),11.87,-,0,10692,0股,33.5%,0.42%
2025-07-03,股票,浙江力诺(300838.XSHE),多,48300股,48300股,14.58,704214,-2898(-0.41%),14.64,-,0,3864,0股,33.14%,-0.41%
2025-07-03,股票,农心科技(001231.XSHE),多,35100股,35100股,20.21,709371,3159(0.45%),20.12,-,0,3861,0股,33.38%,0.45%
2025-07-03,股票,四方新材(605122.XSHG),多,59400股,59400股,11.98,711612,6534(0.93%),11.87,-,0,3564,0股,33.49%,0.93%
2025-07-04,股票,浙江力诺(300838.XSHE),多,48300股,48300股,14.41,696003,-11109(-1.57%),14.64,-,0,-8211,0股,33.25%,-1.57%
2025-07-04,股票,农心科技(001231.XSHE),多,35100股,35100股,19.88,697788,-8424(-1.19%),20.12,-,0,-11583,0股,33.34%,-1.19%
2025-07-04,股票,四方新材(605122.XSHG),多,59400股,59400股,11.78,699732,-5346(-0.76%),11.87,-,0,-11880,0股,33.43%,-0.76%
2025-07-07,股票,浙江力诺(300838.XSHE),多,48300股,48300股,14.61,705663,-1449(-0.2%),14.64,-,0,9660,0股,32.3%,-0.2%
2025-07-07,股票,农心科技(001231.XSHE),多,35100股,35100股,20.22,709722,3510(0.5%),20.12,-,0,11934,0股,32.48%,0.5%
2025-07-07,股票,四方新材(605122.XSHG),多,59400股,59400股,12.96,769824,64746(9.18%),11.87,-,0,70092,0股,35.23%,9.18%
2025-07-08,股票,研奥股份(300923.XSHE),多,29500股,0股,25.51,752545,0(0%),25.51,-,0,0,29500股,33.39%,0%
2025-07-08,股票,科新发展(600234.XSHG),多,98500股,0股,7.75,763375,8865(1.17%),7.66,-,0,8865,98500股,33.87%,1.17%
2025-07-08,股票,海伦钢琴(300329.XSHE),多,94100股,0股,7.85,738685,-15056(-2%),8.01,-,0,-15056,94100股,32.77%,-2%
2025-07-09,股票,研奥股份(300923.XSHE),多,29500股,29500股,25.44,750480,-2065(-0.27%),25.51,-,0,-2065,0股,33.4%,-0.27%
2025-07-09,股票,科新发展(600234.XSHG),多,98500股,98500股,7.69,757465,2955(0.39%),7.66,-,0,-5910,0股,33.71%,0.39%
2025-07-09,股票,海伦钢琴(300329.XSHE),多,94100股,94100股,7.86,739626,-14115(-1.87%),8.01,-,0,941,0股,32.92%,-1.87%
2025-07-10,股票,研奥股份(300923.XSHE),多,29500股,29500股,25.3,746350,-6195(-0.82%),25.51,-,0,-4130,0股,33.15%,-0.82%
2025-07-10,股票,科新发展(600234.XSHG),多,98500股,98500股,7.71,759435,4925(0.65%),7.66,-,0,1970,0股,33.73%,0.65%
2025-07-10,股票,海伦钢琴(300329.XSHE),多,94100股,94100股,7.93,746213,-7528(-1%),8.01,-,0,6587,0股,33.14%,-1%
2025-07-11,股票,研奥股份(300923.XSHE),多,29500股,29500股,25.3,746350,-6195(-0.82%),25.51,-,0,0,0股,32.64%,-0.82%
2025-07-11,股票,科新发展(600234.XSHG),多,98500股,98500股,7.93,781105,26595(3.52%),7.66,-,0,21670,0股,34.16%,3.52%
2025-07-11,股票,海伦钢琴(300329.XSHE),多,94100股,94100股,8.07,759387,5646(0.75%),8.01,-,0,13174,0股,33.21%,0.75%
2025-07-14,股票,研奥股份(300923.XSHE),多,29500股,29500股,25.87,763165,10620(1.41%),25.51,-,0,16815,0股,32.03%,1.41%
2025-07-14,股票,科新发展(600234.XSHG),多,98500股,98500股,8.09,796865,42355(5.61%),7.66,-,0,15760,0股,33.44%,5.61%
2025-07-14,股票,海伦钢琴(300329.XSHE),多,94100股,94100股,8.75,823375,69634(9.24%),8.01,-,0,63988,0股,34.55%,9.24%
2025-07-15,股票,晶雪节能(301010.XSHE),多,42500股,0股,17.96,763300,-23800(-3.02%),18.52,-,0,-23800,42500股,33.12%,-3.02%
2025-07-15,股票,惠天热电(000692.XSHE),多,208800股,0股,3.61,753768,-33408(-4.24%),3.77,-,0,-33408,208800股,32.71%,-4.24%
2025-07-16,股票,晶雪节能(301010.XSHE),多,42500股,42500股,18.17,772225,-14875(-1.89%),18.52,-,0,8925,0股,33.23%,-1.89%
2025-07-16,股票,惠天热电(000692.XSHE),多,208800股,208800股,3.66,764208,-22968(-2.92%),3.77,-,0,10440,0股,32.88%,-2.92%
2025-07-17,股票,晶雪节能(301010.XSHE),多,42500股,42500股,18.17,772225,-14875(-1.89%),18.52,-,0,0,0股,33.2%,-1.89%
2025-07-17,股票,惠天热电(000692.XSHE),多,208800股,208800股,3.67,766296,-20880(-2.65%),3.77,-,0,2088,0股,32.94%,-2.65%
2025-07-18,股票,晶雪节能(301010.XSHE),多,42500股,42500股,18.04,766700,-20400(-2.59%),18.52,-,0,-5525,0股,33.04%,-2.59%
2025-07-18,股票,惠天热电(000692.XSHE),多,208800股,208800股,3.67,766296,-20880(-2.65%),3.77,-,0,0,0股,33.02%,-2.65%
2025-07-21,股票,晶雪节能(301010.XSHE),多,42500股,42500股,18.35,779875,-7225(-0.92%),18.52,-,0,13175,0股,33.33%,-0.92%
2025-07-21,股票,惠天热电(000692.XSHE),多,208800股,208800股,3.7,772560,-14616(-1.86%),3.77,-,0,6264,0股,33.01%,-1.86%
2025-07-22,股票,喜悦智行(301198.XSHE),多,65700股,0股,11.76,772632,-6570(-0.84%),11.86,-,0,-6570,65700股,33.31%,-0.84%
2025-07-22,股票,万隆光电(300710.XSHE),多,38300股,0股,20.07,768681,-11873(-1.52%),20.38,-,0,-11873,38300股,33.14%,-1.52%
2025-07-23,股票,喜悦智行(301198.XSHE),多,65700股,65700股,11.83,777231,-1971(-0.25%),11.86,-,0,4599,0股,33.66%,-0.25%
2025-07-23,股票,万隆光电(300710.XSHE),多,38300股,38300股,19.67,753361,-27193(-3.48%),20.38,-,0,-15320,0股,32.63%,-3.48%
2025-07-24,股票,喜悦智行(301198.XSHE),多,65700股,65700股,11.83,777231,-1971(-0.25%),11.86,-,0,0,0股,33.66%,-0.25%
2025-07-24,股票,万隆光电(300710.XSHE),多,38300股,38300股,19.67,753361,-27193(-3.48%),20.38,-,0,0,0股,32.63%,-3.48%
2025-07-25,股票,喜悦智行(301198.XSHE),多,65700股,65700股,12.37,812709,33507(4.3%),11.86,-,0,21024,0股,34.49%,4.3%
2025-07-25,股票,万隆光电(300710.XSHE),多,38300股,38300股,19.99,765617,-14937(-1.91%),20.38,-,0,6511,0股,32.49%,-1.91%
2025-07-28,股票,喜悦智行(301198.XSHE),多,65700股,65700股,12.37,812709,33507(4.3%),11.86,-,0,0,0股,34.49%,4.3%
2025-07-28,股票,万隆光电(300710.XSHE),多,38300股,38300股,19.99,765617,-14937(-1.91%),20.38,-,0,0,0股,32.49%,-1.91%
2025-07-29,股票,通用电梯(300931.XSHE),多,94400股,0股,8.36,789184,5664(0.72%),8.3,-,0,5664,94400股,33.62%,0.72%
2025-07-29,股票,欧亚集团(600697.XSHG),多,61900股,0股,12.52,774988,-9285(-1.18%),12.67,-,0,-9285,61900股,33.01%,-1.18%
2025-07-29,股票,扬子新材(002652.XSHE),多,200900股,0股,3.9,783510,2009(0.26%),3.89,-,0,2009,200900股,33.37%,0.26%
2025-07-30,股票,通用电梯(300931.XSHE),多,94400股,94400股,8.36,789184,5664(0.72%),8.3,-,0,0,0股,33.62%,0.72%
2025-07-30,股票,欧亚集团(600697.XSHG),多,61900股,61900股,12.52,774988,-9285(-1.18%),12.67,-,0,0,0股,33.01%,-1.18%
2025-07-30,股票,扬子新材(002652.XSHE),多,200900股,200900股,3.9,783510,2009(0.26%),3.89,-,0,0,0股,33.37%,0.26%
2025-07-31,股票,通用电梯(300931.XSHE),多,94400股,94400股,8.33,786352,2832(0.36%),8.3,-,0,-3776,0股,33.96%,0.36%
2025-07-31,股票,欧亚集团(600697.XSHG),多,61900股,61900股,12.31,761989,-22284(-2.84%),12.67,-,0,-16094,0股,32.9%,-2.84%
2025-07-31,股票,扬子新材(002652.XSHE),多,200900股,200900股,3.82,767438,-14063(-1.8%),3.89,-,0,-70315,0股,33.14%,-1.8%
2025-08-01,股票,通用电梯(300931.XSHE),多,94400股,94400股,8.33,786352,2832(0.36%),8.3,-,0,0,0股,33.96%,0.36%
2025-08-01,股票,欧亚集团(600697.XSHG),多,61900股,61900股,12.31,761989,-22284(-2.84%),12.67,-,0,0,0股,32.9%,-2.84%
2025-08-01,股票,扬子新材(002652.XSHE),多,200900股,200900股,3.82,767438,-14063(-1.8%),3.89,-,0,0,0股,33.14%,-1.8%
2025-08-04,股票,通用电梯(300931.XSHE),多,94400股,94400股,8.53,805232,21712(2.77%),8.3,-,0,0,0股,33.31%,2.77%
2025-08-04,股票,欧亚集团(600697.XSHG),多,61900股,61900股,12.41,768179,-16094(-2.05%),12.67,-,0,0,0股,31.78%,-2.05%
2025-08-04,股票,扬子新材(002652.XSHE),多,200900股,200900股,4.2,843780,62279(7.97%),3.89,-,0,0,0股,34.91%,7.97%
